method,dataset,seed,split,n_series,dims,seconds,path
tloss,FordA,42,TRAIN,3601,320,12.09,results\representations\tloss_FordA_seed42_TRAIN.npy
tloss,FordA,42,TEST,1320,320,4.31,results\representations\tloss_FordA_seed42_TEST.npy
tloss,FordA,123,TRAIN,3601,320,11.54,results\representations\tloss_FordA_seed123_TRAIN.npy
tloss,FordA,123,TEST,1320,320,4.27,results\representations\tloss_FordA_seed123_TEST.npy
tloss,FordA,456,TRAIN,3601,320,11.62,results\representations\tloss_FordA_seed456_TRAIN.npy
tloss,FordA,456,TEST,1320,320,4.22,results\representations\tloss_FordA_seed456_TEST.npy
ts2vec,FordA,42,TRAIN,3601,320,1.66,results\representations\ts2vec_FordA_seed42_TRAIN.npy
ts2vec,FordA,42,TEST,1320,320,0.56,results\representations\ts2vec_FordA_seed42_TEST.npy
ts2vec,FordA,123,TRAIN,3601,320,1.47,results\representations\ts2vec_FordA_seed123_TRAIN.npy
ts2vec,FordA,123,TEST,1320,320,0.55,results\representations\ts2vec_FordA_seed123_TEST.npy
ts2vec,FordA,456,TRAIN,3601,320,1.47,results\representations\ts2vec_FordA_seed456_TRAIN.npy
ts2vec,FordA,456,TEST,1320,320,0.54,results\representations\ts2vec_FordA_seed456_TEST.npy
ts2vec,ArticularyWordRecognition,42,TRAIN,275,320,0.17,results\representations\ts2vec_ArticularyWordRecognition_seed42_TRAIN.npy
ts2vec,ArticularyWordRecognition,42,TEST,300,320,0.16,results\representations\ts2vec_ArticularyWordRecognition_seed42_TEST.npy
ts2vec,ArticularyWordRecognition,123,TRAIN,275,320,0.14,results\representations\ts2vec_ArticularyWordRecognition_seed123_TRAIN.npy
ts2vec,ArticularyWordRecognition,123,TEST,300,320,0.16,results\representations\ts2vec_ArticularyWordRecognition_seed123_TEST.npy
ts2vec,ArticularyWordRecognition,456,TRAIN,275,320,0.14,results\representations\ts2vec_ArticularyWordRecognition_seed456_TRAIN.npy
ts2vec,ArticularyWordRecognition,456,TEST,300,320,0.15,results\representations\ts2vec_ArticularyWordRecognition_seed456_TEST.npy
ts2vec,Epilepsy,42,TRAIN,137,320,0.09,results\representations\ts2vec_Epilepsy_seed42_TRAIN.npy
ts2vec,Epilepsy,42,TEST,138,320,0.09,results\representations\ts2vec_Epilepsy_seed42_TEST.npy
ts2vec,Epilepsy,123,TRAIN,137,320,0.07,results\representations\ts2vec_Epilepsy_seed123_TRAIN.npy
ts2vec,Epilepsy,123,TEST,138,320,0.07,results\representations\ts2vec_Epilepsy_seed123_TEST.npy
ts2vec,Epilepsy,456,TRAIN,137,320,0.07,results\representations\ts2vec_Epilepsy_seed456_TRAIN.npy
ts2vec,Epilepsy,456,TEST,138,320,0.07,results\representations\ts2vec_Epilepsy_seed456_TEST.npy
tloss,ArticularyWordRecognition,42,TRAIN,275,320,0.78,results\representations\tloss_ArticularyWordRecognition_seed42_TRAIN.npy
tloss,ArticularyWordRecognition,42,TEST,300,320,0.72,results\representations\tloss_ArticularyWordRecognition_seed42_TEST.npy
tloss,ArticularyWordRecognition,123,TRAIN,275,320,0.65,results\representations\tloss_ArticularyWordRecognition_seed123_TRAIN.npy
tloss,ArticularyWordRecognition,123,TEST,300,320,0.69,results\representations\tloss_ArticularyWordRecognition_seed123_TEST.npy
tloss,ArticularyWordRecognition,456,TRAIN,275,320,0.66,results\representations\tloss_ArticularyWordRecognition_seed456_TRAIN.npy
tloss,ArticularyWordRecognition,456,TEST,300,320,0.72,results\representations\tloss_ArticularyWordRecognition_seed456_TEST.npy
tloss,Epilepsy,42,TRAIN,137,320,0.35,results\representations\tloss_Epilepsy_seed42_TRAIN.npy
tloss,Epilepsy,42,TEST,138,320,0.35,results\representations\tloss_Epilepsy_seed42_TEST.npy
tloss,Epilepsy,123,TRAIN,137,320,0.28,results\representations\tloss_Epilepsy_seed123_TRAIN.npy
tloss,Epilepsy,123,TEST,138,320,0.16,results\representations\tloss_Epilepsy_seed123_TEST.npy
tloss,Epilepsy,456,TRAIN,137,320,0.14,results\representations\tloss_Epilepsy_seed456_TRAIN.npy
tloss,Epilepsy,456,TEST,138,320,0.15,results\representations\tloss_Epilepsy_seed456_TEST.npy
tloss,FordA,42,TRAIN,3601,320,19.98,results\representations\tloss_FordA_seed42_TRAIN.npy
tloss,FordA,42,TEST,1320,320,7.22,results\representations\tloss_FordA_seed42_TEST.npy
tloss,FordA,123,TRAIN,3601,320,19.68,results\representations\tloss_FordA_seed123_TRAIN.npy
tloss,FordA,123,TEST,1320,320,7.21,results\representations\tloss_FordA_seed123_TEST.npy
tloss,FordA,456,TRAIN,3601,320,19.73,results\representations\tloss_FordA_seed456_TRAIN.npy
tloss,FordA,456,TEST,1320,320,7.31,results\representations\tloss_FordA_seed456_TEST.npy
tloss,ArticularyWordRecognition,42,TRAIN,275,320,1.02,results\representations\tloss_ArticularyWordRecognition_seed42_TRAIN.npy
tloss,ArticularyWordRecognition,42,TEST,300,320,1.11,results\representations\tloss_ArticularyWordRecognition_seed42_TEST.npy
tloss,ArticularyWordRecognition,123,TRAIN,275,320,1.01,results\representations\tloss_ArticularyWordRecognition_seed123_TRAIN.npy
tloss,ArticularyWordRecognition,123,TEST,300,320,1.11,results\representations\tloss_ArticularyWordRecognition_seed123_TEST.npy
tloss,ArticularyWordRecognition,456,TRAIN,275,320,1.02,results\representations\tloss_ArticularyWordRecognition_seed456_TRAIN.npy
tloss,ArticularyWordRecognition,456,TEST,300,320,1.11,results\representations\tloss_ArticularyWordRecognition_seed456_TEST.npy
tloss,Epilepsy,42,TRAIN,137,320,0.57,results\representations\tloss_Epilepsy_seed42_TRAIN.npy
tloss,Epilepsy,42,TEST,138,320,0.57,results\representations\tloss_Epilepsy_seed42_TEST.npy
tloss,Epilepsy,123,TRAIN,137,320,0.55,results\representations\tloss_Epilepsy_seed123_TRAIN.npy
tloss,Epilepsy,123,TEST,138,320,0.55,results\representations\tloss_Epilepsy_seed123_TEST.npy
tloss,Epilepsy,456,TRAIN,137,320,0.55,results\representations\tloss_Epilepsy_seed456_TRAIN.npy
tloss,Epilepsy,456,TEST,138,320,0.56,results\representations\tloss_Epilepsy_seed456_TEST.npy
ts2vec,FordA,42,TRAIN,3601,320,1.89,results\representations\ts2vec_FordA_seed42_TRAIN.npy
ts2vec,FordA,42,TEST,1320,320,0.48,results\representations\ts2vec_FordA_seed42_TEST.npy
ts2vec,FordA,123,TRAIN,3601,320,1.18,results\representations\ts2vec_FordA_seed123_TRAIN.npy
ts2vec,FordA,123,TEST,1320,320,0.47,results\representations\ts2vec_FordA_seed123_TEST.npy
ts2vec,FordA,456,TRAIN,3601,320,1.2,results\representations\ts2vec_FordA_seed456_TRAIN.npy
ts2vec,FordA,456,TEST,1320,320,0.43,results\representations\ts2vec_FordA_seed456_TEST.npy
ts2vec,ArticularyWordRecognition,42,TRAIN,275,320,0.13,results\representations\ts2vec_ArticularyWordRecognition_seed42_TRAIN.npy
ts2vec,ArticularyWordRecognition,42,TEST,300,320,0.11,results\representations\ts2vec_ArticularyWordRecognition_seed42_TEST.npy
ts2vec,ArticularyWordRecognition,123,TRAIN,275,320,0.09,results\representations\ts2vec_ArticularyWordRecognition_seed123_TRAIN.npy
ts2vec,ArticularyWordRecognition,123,TEST,300,320,0.11,results\representations\ts2vec_ArticularyWordRecognition_seed123_TEST.npy
ts2vec,ArticularyWordRecognition,456,TRAIN,275,320,0.09,results\representations\ts2vec_ArticularyWordRecognition_seed456_TRAIN.npy
ts2vec,ArticularyWordRecognition,456,TEST,300,320,0.08,results\representations\ts2vec_ArticularyWordRecognition_seed456_TEST.npy
ts2vec,Epilepsy,42,TRAIN,137,320,0.06,results\representations\ts2vec_Epilepsy_seed42_TRAIN.npy
ts2vec,Epilepsy,42,TEST,138,320,0.07,results\representations\ts2vec_Epilepsy_seed42_TEST.npy
ts2vec,Epilepsy,123,TRAIN,137,320,0.04,results\representations\ts2vec_Epilepsy_seed123_TRAIN.npy
ts2vec,Epilepsy,123,TEST,138,320,0.05,results\representations\ts2vec_Epilepsy_seed123_TEST.npy
ts2vec,Epilepsy,456,TRAIN,137,320,0.05,results\representations\ts2vec_Epilepsy_seed456_TRAIN.npy
ts2vec,Epilepsy,456,TEST,138,320,0.04,results\representations\ts2vec_Epilepsy_seed456_TEST.npy
