dataset,probe,label_fraction,seed,n_train,n_features,accuracy,macro_f1,params,tuned,folds,tuning_note,fit_seconds
FordA,logistic_regression,1.0,42,3601,500,0.49242424242424243,0.4911521227310701,"{""C"": 1}",True,5,,13.29
FordA,logistic_regression,1.0,123,3601,500,0.48863636363636365,0.4860853721209101,"{""C"": 0.01}",True,5,,7.66
FordA,logistic_regression,1.0,456,3601,500,0.4954545454545455,0.4952876984126984,"{""C"": 10}",True,5,,7.66
FordA,logistic_regression,0.1,42,360,500,0.4962121212121212,0.4960591226330767,"{""C"": 0.1}",True,5,,0.31
FordA,logistic_regression,0.1,123,360,500,0.5098484848484849,0.5096433252893342,"{""C"": 1}",True,5,,0.4
FordA,logistic_regression,0.1,456,360,500,0.5113636363636364,0.5113162376286498,"{""C"": 0.1}",True,5,,0.31
FordA,rbf_svm,1.0,42,3601,500,0.828030303030303,0.8277930044787383,"{""C"": 10, ""gamma"": 0.001}",True,5,,60.1
FordA,rbf_svm,1.0,123,3601,500,0.828030303030303,0.8277930044787383,"{""C"": 10, ""gamma"": 0.001}",True,5,,66.09
FordA,rbf_svm,1.0,456,3601,500,0.828030303030303,0.8277930044787383,"{""C"": 10, ""gamma"": 0.001}",True,5,,69.95
FordA,rbf_svm,0.1,42,360,500,0.6537878787878788,0.6518294192712797,"{""C"": 10, ""gamma"": 0.001}",True,5,,4.96
FordA,rbf_svm,0.1,123,360,500,0.6772727272727272,0.6772364200748018,"{""C"": 10, ""gamma"": 0.001}",True,5,,0.32
FordA,rbf_svm,0.1,456,360,500,0.6757575757575758,0.6732340665747416,"{""C"": 1, ""gamma"": ""scale""}",True,5,,0.34
ArticularyWordRecognition,logistic_regression,1.0,42,275,1296,0.9733333333333334,0.9731594202898549,"{""C"": 0.1}",True,5,,1.62
ArticularyWordRecognition,logistic_regression,1.0,123,275,1296,0.9733333333333334,0.9731594202898549,"{""C"": 0.1}",True,5,,1.52
ArticularyWordRecognition,logistic_regression,1.0,456,275,1296,0.9733333333333334,0.9731594202898549,"{""C"": 0.1}",True,5,,4.7
ArticularyWordRecognition,logistic_regression,0.1,42,27,1296,0.8533333333333334,0.8506759486116604,"{""C"": 1}",False,,smallest class has 1 example(s); no train/validation split can both fit and score it; a priori defaults used,0.19
ArticularyWordRecognition,logistic_regression,0.1,123,27,1296,0.8166666666666667,0.8064535223230875,"{""C"": 1}",False,,smallest class has 1 example(s); no train/validation split can both fit and score it; a priori defaults used,0.18
ArticularyWordRecognition,logistic_regression,0.1,456,27,1296,0.8133333333333334,0.8029529080659514,"{""C"": 1}",False,,smallest class has 1 example(s); no train/validation split can both fit and score it; a priori defaults used,0.21
ArticularyWordRecognition,rbf_svm,1.0,42,275,1296,0.98,0.9799652173913043,"{""C"": 10, ""gamma"": 0.001}",True,5,,0.35
ArticularyWordRecognition,rbf_svm,1.0,123,275,1296,0.98,0.9799652173913043,"{""C"": 10, ""gamma"": ""scale""}",True,5,,0.36
ArticularyWordRecognition,rbf_svm,1.0,456,275,1296,0.98,0.9799652173913043,"{""C"": 10, ""gamma"": ""scale""}",True,5,,0.35
ArticularyWordRecognition,rbf_svm,0.1,42,27,1296,0.21666666666666667,0.19818493311776395,"{""C"": 1, ""gamma"": ""scale""}",False,,smallest class has 1 example(s); no train/validation split can both fit and score it; a priori defaults used,0.01
ArticularyWordRecognition,rbf_svm,0.1,123,27,1296,0.36666666666666664,0.3847447832623729,"{""C"": 1, ""gamma"": ""scale""}",False,,smallest class has 1 example(s); no train/validation split can both fit and score it; a priori defaults used,0.01
ArticularyWordRecognition,rbf_svm,0.1,456,27,1296,0.10666666666666667,0.07134270064301024,"{""C"": 1, ""gamma"": ""scale""}",False,,smallest class has 1 example(s); no train/validation split can both fit and score it; a priori defaults used,0.01
Epilepsy,logistic_regression,1.0,42,137,618,0.6521739130434783,0.6207941683668512,"{""C"": 0.1}",True,5,,0.18
Epilepsy,logistic_regression,1.0,123,137,618,0.6231884057971014,0.5890507980307427,"{""C"": 0.01}",True,5,,0.13
Epilepsy,logistic_regression,1.0,456,137,618,0.6231884057971014,0.5890507980307427,"{""C"": 0.01}",True,5,,0.12
Epilepsy,logistic_regression,0.1,42,13,618,0.391304347826087,0.30409758370284684,"{""C"": 10}",True,3,reduced from 5: smallest class limits the split,0.08
Epilepsy,logistic_regression,0.1,123,13,618,0.4057971014492754,0.34575567824363973,"{""C"": 0.01}",True,3,reduced from 5: smallest class limits the split,0.06
Epilepsy,logistic_regression,0.1,456,13,618,0.5217391304347826,0.4732198544698545,"{""C"": 100}",True,3,reduced from 5: smallest class limits the split,0.06
Epilepsy,rbf_svm,1.0,42,137,618,0.8478260869565217,0.8368502824858757,"{""C"": 10, ""gamma"": ""scale""}",True,5,,0.1
Epilepsy,rbf_svm,1.0,123,137,618,0.8478260869565217,0.8368502824858757,"{""C"": 10, ""gamma"": ""scale""}",True,5,,0.1
Epilepsy,rbf_svm,1.0,456,137,618,0.8478260869565217,0.8368502824858757,"{""C"": 10, ""gamma"": ""scale""}",True,5,,0.1
Epilepsy,rbf_svm,0.1,42,13,618,0.4492753623188406,0.38901356927672714,"{""C"": 10, ""gamma"": ""scale""}",True,3,reduced from 5: smallest class limits the split,0.04
Epilepsy,rbf_svm,0.1,123,13,618,0.6304347826086957,0.6190083916431471,"{""C"": 1, ""gamma"": ""scale""}",True,3,reduced from 5: smallest class limits the split,0.04
Epilepsy,rbf_svm,0.1,456,13,618,0.463768115942029,0.43167567892461534,"{""C"": 10, ""gamma"": ""scale""}",True,3,reduced from 5: smallest class limits the split,0.04
