representation,dataset,probe,seed,n_train,n_features,accuracy_clean,macro_f1_clean,accuracy_corrupt,macro_f1_corrupt,delta_accuracy,delta_macro_f1,params,folds,fit_seconds
raw,FordA,logistic_regression,42,3601,500,0.49242424242424243,0.4911521227310701,0.5113636363636364,0.5113005295105257,0.018939393939393923,0.02014840677945562,"{""C"": 1}",5,14.49
raw,FordA,logistic_regression,123,3601,500,0.48863636363636365,0.4860853721209101,0.49166666666666664,0.48913079213797134,0.0030303030303029943,0.003045420017061262,"{""C"": 0.01}",5,7.71
raw,FordA,logistic_regression,456,3601,500,0.4954545454545455,0.4952876984126984,0.5159090909090909,0.5157064680987397,0.020454545454545392,0.020418769686041283,"{""C"": 10}",5,7.6
raw,FordA,rbf_svm,42,3601,500,0.828030303030303,0.8277930044787383,0.8037878787878788,0.8024407706589758,-0.024242424242424176,-0.025352233819762482,"{""C"": 10, ""gamma"": 0.001}",5,60.75
raw,FordA,rbf_svm,123,3601,500,0.828030303030303,0.8277930044787383,0.8106060606060606,0.8090277777777777,-0.017424242424242453,-0.01876522670096059,"{""C"": 10, ""gamma"": 0.001}",5,64.37
raw,FordA,rbf_svm,456,3601,500,0.828030303030303,0.8277930044787383,0.803030303030303,0.8017999704316973,-0.025000000000000022,-0.025993034047041008,"{""C"": 10, ""gamma"": 0.001}",5,63.9
tloss,FordA,logistic_regression,42,3601,320,0.9227272727272727,0.9226333173206213,0.8886363636363637,0.8881277893822872,-0.03409090909090906,-0.03450552793833406,"{""C"": 0.01}",5,1.23
tloss,FordA,logistic_regression,123,3601,320,0.9128787878787878,0.9127681961347921,0.8893939393939394,0.8891799824730482,-0.023484848484848442,-0.023588213661743906,"{""C"": 0.1}",5,0.94
tloss,FordA,logistic_regression,456,3601,320,0.9333333333333333,0.933245062341388,0.9030303030303031,0.9029224390737183,-0.030303030303030276,-0.030322623267669768,"{""C"": 0.01}",5,0.64
tloss,FordA,rbf_svm,42,3601,320,0.9257575757575758,0.9257082867191502,0.9022727272727272,0.9020351805773297,-0.023484848484848553,-0.0236731061418205,"{""C"": 1, ""gamma"": ""scale""}",5,24.08
tloss,FordA,rbf_svm,123,3601,320,0.931060606060606,0.9309407114624506,0.9037878787878788,0.9036325205177539,-0.027272727272727226,-0.02730819094469672,"{""C"": 1, ""gamma"": ""scale""}",5,24.5
tloss,FordA,rbf_svm,456,3601,320,0.931060606060606,0.9309803921568627,0.8939393939393939,0.8938770259840494,-0.03712121212121211,-0.03710336617281329,"{""C"": 10, ""gamma"": 0.001}",5,24.62
ts2vec,FordA,logistic_regression,42,3601,320,0.9257575757575758,0.9256237120989108,0.9037878787878788,0.9036205533596838,-0.021969696969696972,-0.02200315873922698,"{""C"": 0.01}",5,0.58
ts2vec,FordA,logistic_regression,123,3601,320,0.9204545454545454,0.9203535703839406,0.9015151515151515,0.9014246323529411,-0.018939393939393923,-0.018928938030999487,"{""C"": 0.01}",5,0.6
ts2vec,FordA,logistic_regression,456,3601,320,0.9356060606060606,0.9355311355311355,0.8939393939393939,0.8939333065488149,-0.04166666666666663,-0.04159782898232067,"{""C"": 0.01}",5,0.57
ts2vec,FordA,rbf_svm,42,3601,320,0.9340909090909091,0.9339844825594061,0.918939393939394,0.9188532826673852,-0.015151515151515138,-0.015131199892020941,"{""C"": 10, ""gamma"": ""scale""}",5,25.37
ts2vec,FordA,rbf_svm,123,3601,320,0.928030303030303,0.9279389446330891,0.9090909090909091,0.9090499857603513,-0.018939393939393923,-0.018888958872737782,"{""C"": 1, ""gamma"": ""scale""}",5,26.89
ts2vec,FordA,rbf_svm,456,3601,320,0.9424242424242424,0.9423542364349727,0.9007575757575758,0.9007370099062076,-0.04166666666666663,-0.041617226528765094,"{""C"": 1, ""gamma"": 0.001}",5,25.12
raw,ArticularyWordRecognition,logistic_regression,42,275,1296,0.9733333333333334,0.9731594202898549,0.96,0.9598777743995135,-0.01333333333333342,-0.01328164589034142,"{""C"": 0.1}",5,1.4
raw,ArticularyWordRecognition,logistic_regression,123,275,1296,0.9733333333333334,0.9731594202898549,0.9633333333333334,0.963235877166312,-0.010000000000000009,-0.009923543123542933,"{""C"": 0.1}",5,1.37
raw,ArticularyWordRecognition,logistic_regression,456,275,1296,0.9733333333333334,0.9731594202898549,0.9666666666666667,0.966438755447451,-0.00666666666666671,-0.006720664842403967,"{""C"": 0.1}",5,1.35
raw,ArticularyWordRecognition,rbf_svm,42,275,1296,0.98,0.9799652173913043,0.9633333333333334,0.9635167235341148,-0.016666666666666607,-0.016448493857189495,"{""C"": 10, ""gamma"": 0.001}",5,0.39
raw,ArticularyWordRecognition,rbf_svm,123,275,1296,0.98,0.9799652173913043,0.9766666666666667,0.9765968582142496,-0.0033333333333332993,-0.0033683591770546917,"{""C"": 10, ""gamma"": ""scale""}",5,0.38
raw,ArticularyWordRecognition,rbf_svm,456,275,1296,0.98,0.9799652173913043,0.97,0.9700869565217392,-0.010000000000000009,-0.009878260869565114,"{""C"": 10, ""gamma"": ""scale""}",5,0.39
tloss,ArticularyWordRecognition,logistic_regression,42,275,320,0.97,0.9697604945778859,0.9633333333333334,0.9628854913202738,-0.006666666666666599,-0.0068750032576121445,"{""C"": 1}",5,0.1
tloss,ArticularyWordRecognition,logistic_regression,123,275,320,0.97,0.9697955204216073,0.9566666666666667,0.9562866930171279,-0.013333333333333308,-0.013508827404479451,"{""C"": 0.1}",5,0.12
tloss,ArticularyWordRecognition,logistic_regression,456,275,320,0.9566666666666667,0.9556828389002302,0.9333333333333333,0.9328304217521608,-0.023333333333333317,-0.022852417148069404,"{""C"": 0.01}",5,0.13
tloss,ArticularyWordRecognition,rbf_svm,42,275,320,0.9766666666666667,0.9762522694696608,0.97,0.9698122843340236,-0.00666666666666671,-0.006439985135637261,"{""C"": 10, ""gamma"": 0.001}",5,0.18
tloss,ArticularyWordRecognition,rbf_svm,123,275,320,0.9666666666666667,0.9664679841897234,0.9633333333333334,0.9629823451910409,-0.0033333333333332993,-0.003485638998682483,"{""C"": 10, ""gamma"": 0.001}",5,0.17
tloss,ArticularyWordRecognition,rbf_svm,456,275,320,0.9666666666666667,0.9662880308097699,0.9533333333333334,0.9526362912449869,-0.013333333333333308,-0.013651739564782939,"{""C"": 10, ""gamma"": 0.001}",5,0.17
ts2vec,ArticularyWordRecognition,logistic_regression,42,275,320,0.98,0.9798071146245059,0.97,0.9697604945778857,-0.010000000000000009,-0.010046620046620158,"{""C"": 1}",5,0.11
ts2vec,ArticularyWordRecognition,logistic_regression,123,275,320,0.9833333333333333,0.9831520421607377,0.9633333333333334,0.9632213641431033,-0.019999999999999907,-0.019930678017634373,"{""C"": 0.01}",5,0.13
ts2vec,ArticularyWordRecognition,logistic_regression,456,275,320,0.9866666666666667,0.9866434782608695,0.95,0.9496367902628772,-0.036666666666666736,-0.03700668799799234,"{""C"": 0.1}",5,0.16
ts2vec,ArticularyWordRecognition,rbf_svm,42,275,320,0.98,0.9802113712374582,0.9733333333333334,0.9735199351373265,-0.006666666666666599,-0.006691436100131676,"{""C"": 10, ""gamma"": 0.001}",5,0.15
ts2vec,ArticularyWordRecognition,rbf_svm,123,275,320,0.99,0.9898245059288538,0.9566666666666667,0.9569883334057246,-0.033333333333333326,-0.0328361725231292,"{""C"": 1, ""gamma"": ""scale""}",5,0.15
ts2vec,ArticularyWordRecognition,rbf_svm,456,275,320,0.98,0.9799826086956521,0.9566666666666667,0.9567317725752509,-0.023333333333333317,-0.02325083612040124,"{""C"": 10, ""gamma"": 0.001}",5,0.15
raw,Epilepsy,logistic_regression,42,137,618,0.6521739130434783,0.6207941683668512,0.5942028985507246,0.5759241575418046,-0.05797101449275366,-0.0448700108250466,"{""C"": 0.1}",5,0.18
raw,Epilepsy,logistic_regression,123,137,618,0.6231884057971014,0.5890507980307427,0.5652173913043478,0.5324638123551166,-0.05797101449275366,-0.056586985675626034,"{""C"": 0.01}",5,0.13
raw,Epilepsy,logistic_regression,456,137,618,0.6231884057971014,0.5890507980307427,0.6304347826086957,0.6072945329941333,0.007246376811594235,0.0182437349633906,"{""C"": 0.01}",5,0.11
raw,Epilepsy,rbf_svm,42,137,618,0.8478260869565217,0.8368502824858757,0.8188405797101449,0.813744480613659,-0.02898550724637683,-0.02310580187221667,"{""C"": 10, ""gamma"": ""scale""}",5,0.11
raw,Epilepsy,rbf_svm,123,137,618,0.8478260869565217,0.8368502824858757,0.7971014492753623,0.791661990416845,-0.050724637681159424,-0.04518829206903063,"{""C"": 10, ""gamma"": ""scale""}",5,0.11
raw,Epilepsy,rbf_svm,456,137,618,0.8478260869565217,0.8368502824858757,0.8188405797101449,0.813104822855768,-0.02898550724637683,-0.023745459630107657,"{""C"": 10, ""gamma"": ""scale""}",5,0.11
tloss,Epilepsy,logistic_regression,42,137,320,0.9637681159420289,0.9635129753766509,0.9492753623188406,0.9502980538425405,-0.01449275362318836,-0.013214921534110413,"{""C"": 0.1}",5,0.07
tloss,Epilepsy,logistic_regression,123,137,320,0.9782608695652174,0.9779508527367593,0.9565217391304348,0.9567195281436176,-0.021739130434782594,-0.0212313245931417,"{""C"": 0.01}",5,0.04
tloss,Epilepsy,logistic_regression,456,137,320,0.9637681159420289,0.9637314094128384,0.9130434782608695,0.9151904295649117,-0.050724637681159424,-0.04854097984792671,"{""C"": 0.01}",5,0.04
tloss,Epilepsy,rbf_svm,42,137,320,0.9782608695652174,0.9788059701492537,0.9492753623188406,0.9505256776567843,-0.02898550724637683,-0.02828029249246944,"{""C"": 1, ""gamma"": 0.001}",5,0.08
tloss,Epilepsy,rbf_svm,123,137,320,0.9710144927536232,0.9717806041335453,0.9782608695652174,0.978856462179869,0.007246376811594235,0.007075858046323713,"{""C"": 1, ""gamma"": ""scale""}",5,0.08
tloss,Epilepsy,rbf_svm,456,137,320,0.9710144927536232,0.9709217843885813,0.9347826086956522,0.9364944060239855,-0.03623188405797095,-0.03442737836459586,"{""C"": 1, ""gamma"": 0.001}",5,0.08
ts2vec,Epilepsy,logistic_regression,42,137,320,0.9565217391304348,0.9541807432432432,0.9347826086956522,0.935690811535882,-0.021739130434782594,-0.01848993170736124,"{""C"": 10}",5,0.07
ts2vec,Epilepsy,logistic_regression,123,137,320,0.9710144927536232,0.9700272119626958,0.9492753623188406,0.9493547479832039,-0.021739130434782594,-0.020672463979491962,"{""C"": 100}",5,0.07
ts2vec,Epilepsy,logistic_regression,456,137,320,0.9710144927536232,0.9700272119626958,0.9710144927536232,0.9702040275569688,0.0,0.000176815594272961,"{""C"": 100}",5,0.05
ts2vec,Epilepsy,rbf_svm,42,137,320,0.9565217391304348,0.9550939927652256,0.9492753623188406,0.9489416181322904,-0.007246376811594235,-0.006152374632935165,"{""C"": 10, ""gamma"": 0.001}",5,0.08
ts2vec,Epilepsy,rbf_svm,123,137,320,0.9565217391304348,0.9541807432432432,0.9565217391304348,0.9554646802123719,0.0,0.0012839369691286517,"{""C"": 100, ""gamma"": 0.001}",5,0.08
ts2vec,Epilepsy,rbf_svm,456,137,320,0.9565217391304348,0.9550939927652256,0.9710144927536232,0.9712955832876892,0.01449275362318836,0.016201590522463616,"{""C"": 10, ""gamma"": ""scale""}",5,0.09
