mask,dataset,probe,seed,proportion,n_intervals,n_train,n_features,accuracy_clean,macro_f1_clean,accuracy_corrupt,macro_f1_corrupt,delta_accuracy,delta_macro_f1,params,folds,fit_seconds
binomial,FordA,logistic_regression,42,0.1,1,3601,320,0.9257575757575758,0.9256237120989108,0.9181818181818182,0.9180734856007944,-0.007575757575757569,-0.00755022649811643,"{""C"": 0.01}",5,7.42
binomial,FordA,logistic_regression,42,0.1,5,3601,320,0.9257575757575758,0.9256237120989108,0.9098484848484848,0.9095406718568868,-0.015909090909090984,-0.016083040242024005,"{""C"": 0.01}",5,7.42
binomial,FordA,logistic_regression,42,0.2,1,3601,320,0.9257575757575758,0.9256237120989108,0.9037878787878788,0.9036205533596838,-0.021969696969696972,-0.02200315873922698,"{""C"": 0.01}",5,7.42
binomial,FordA,logistic_regression,42,0.2,5,3601,320,0.9257575757575758,0.9256237120989108,0.8924242424242425,0.8924239954637178,-0.033333333333333326,-0.033199716635193055,"{""C"": 0.01}",5,7.42
binomial,FordA,logistic_regression,42,0.4,1,3601,320,0.9257575757575758,0.9256237120989108,0.8666666666666667,0.8665560760869315,-0.05909090909090908,-0.059067636011979285,"{""C"": 0.01}",5,7.42
binomial,FordA,logistic_regression,42,0.4,5,3601,320,0.9257575757575758,0.9256237120989108,0.8575757575757575,0.8572808833678398,-0.06818181818181823,-0.068342828731071,"{""C"": 0.01}",5,7.42
binomial,FordA,logistic_regression,123,0.1,1,3601,320,0.9204545454545454,0.9203535703839406,0.9143939393939394,0.9143029994524723,-0.006060606060605989,-0.006050570931468324,"{""C"": 0.01}",5,5.1
binomial,FordA,logistic_regression,123,0.1,5,3601,320,0.9204545454545454,0.9203535703839406,0.9,0.8995118620295097,-0.020454545454545392,-0.020841708354430888,"{""C"": 0.01}",5,5.1
binomial,FordA,logistic_regression,123,0.2,1,3601,320,0.9204545454545454,0.9203535703839406,0.9015151515151515,0.9014246323529411,-0.018939393939393923,-0.018928938030999487,"{""C"": 0.01}",5,5.1
binomial,FordA,logistic_regression,123,0.2,5,3601,320,0.9204545454545454,0.9203535703839406,0.9,0.8999770378874856,-0.020454545454545392,-0.02037653249645499,"{""C"": 0.01}",5,5.1
binomial,FordA,logistic_regression,123,0.4,1,3601,320,0.9204545454545454,0.9203535703839406,0.8787878787878788,0.8786873418972105,-0.04166666666666663,-0.04166622848673007,"{""C"": 0.01}",5,5.1
binomial,FordA,logistic_regression,123,0.4,5,3601,320,0.9204545454545454,0.9203535703839406,0.8560606060606061,0.8558700209643606,-0.06439393939393934,-0.06448354941958001,"{""C"": 0.01}",5,5.1
binomial,FordA,logistic_regression,456,0.1,1,3601,320,0.9356060606060606,0.9355311355311355,0.9204545454545454,0.9204468293814081,-0.015151515151515138,-0.015084306149727444,"{""C"": 0.01}",5,0.54
binomial,FordA,logistic_regression,456,0.1,5,3601,320,0.9356060606060606,0.9355311355311355,0.9257575757575758,0.9256508994769814,-0.009848484848484773,-0.009880236054154112,"{""C"": 0.01}",5,0.54
binomial,FordA,logistic_regression,456,0.2,1,3601,320,0.9356060606060606,0.9355311355311355,0.8939393939393939,0.8939333065488149,-0.04166666666666663,-0.04159782898232067,"{""C"": 0.01}",5,0.54
binomial,FordA,logistic_regression,456,0.2,5,3601,320,0.9356060606060606,0.9355311355311355,0.8681818181818182,0.8675099390619556,-0.06742424242424239,-0.06802119646917992,"{""C"": 0.01}",5,0.54
binomial,FordA,logistic_regression,456,0.4,1,3601,320,0.9356060606060606,0.9355311355311355,0.8651515151515151,0.865014856638608,-0.07045454545454544,-0.07051627889252754,"{""C"": 0.01}",5,0.54
binomial,FordA,logistic_regression,456,0.4,5,3601,320,0.9356060606060606,0.9355311355311355,0.781060606060606,0.7748635389057972,-0.15454545454545454,-0.16066759662533836,"{""C"": 0.01}",5,0.54
continuous,FordA,logistic_regression,42,0.1,1,3601,320,0.9340909090909091,0.9340208933837618,0.9151515151515152,0.9150735294117647,-0.018939393939393923,-0.018947363971997144,"{""C"": 0.01}",5,0.56
continuous,FordA,logistic_regression,42,0.1,5,3601,320,0.9340909090909091,0.9340208933837618,0.9045454545454545,0.9041573313417974,-0.02954545454545454,-0.029863562041964387,"{""C"": 0.01}",5,0.56
continuous,FordA,logistic_regression,42,0.2,1,3601,320,0.9340909090909091,0.9340208933837618,0.8946969696969697,0.8945851055211826,-0.039393939393939426,-0.039435787862579175,"{""C"": 0.01}",5,0.56
continuous,FordA,logistic_regression,42,0.2,5,3601,320,0.9340909090909091,0.9340208933837618,0.8833333333333333,0.8833116350836587,-0.05075757575757578,-0.05070925830010309,"{""C"": 0.01}",5,0.56
continuous,FordA,logistic_regression,42,0.4,1,3601,320,0.9340909090909091,0.9340208933837618,0.8628787878787879,0.862872413145928,-0.07121212121212117,-0.07114848023783382,"{""C"": 0.01}",5,0.56
continuous,FordA,logistic_regression,42,0.4,5,3601,320,0.9340909090909091,0.9340208933837618,0.8196969696969697,0.8172089808248637,-0.11439393939393938,-0.11681191255889811,"{""C"": 0.01}",5,0.56
continuous,FordA,logistic_regression,123,0.1,1,3601,320,0.9181818181818182,0.9180823359865402,0.9083333333333333,0.9083004406424481,-0.009848484848484884,-0.009781895344092129,"{""C"": 0.01}",5,0.57
continuous,FordA,logistic_regression,123,0.1,5,3601,320,0.9181818181818182,0.9180823359865402,0.9090909090909091,0.908876698206988,-0.00909090909090915,-0.00920563777955219,"{""C"": 0.01}",5,0.57
continuous,FordA,logistic_regression,123,0.2,1,3601,320,0.9181818181818182,0.9180823359865402,0.8962121212121212,0.896210632039601,-0.021969696969696972,-0.02187170394693916,"{""C"": 0.01}",5,0.57
continuous,FordA,logistic_regression,123,0.2,5,3601,320,0.9181818181818182,0.9180823359865402,0.8863636363636364,0.8862968135543386,-0.03181818181818186,-0.03178552243220156,"{""C"": 0.01}",5,0.57
continuous,FordA,logistic_regression,123,0.4,1,3601,320,0.9181818181818182,0.9180823359865402,0.8590909090909091,0.8587588822208314,-0.05909090909090908,-0.0593234537657088,"{""C"": 0.01}",5,0.57
continuous,FordA,logistic_regression,123,0.4,5,3601,320,0.9181818181818182,0.9180823359865402,0.8151515151515152,0.8129251700680272,-0.10303030303030303,-0.10515716591851298,"{""C"": 0.01}",5,0.57
continuous,FordA,logistic_regression,456,0.1,1,3601,320,0.931060606060606,0.9309575416470524,0.9098484848484848,0.9097527162375593,-0.021212121212121238,-0.02120482540949309,"{""C"": 0.01}",5,0.58
continuous,FordA,logistic_regression,456,0.1,5,3601,320,0.931060606060606,0.9309575416470524,0.8946969696969697,0.8938341282658243,-0.036363636363636376,-0.03712341338122804,"{""C"": 0.01}",5,0.58
continuous,FordA,logistic_regression,456,0.2,1,3601,320,0.931060606060606,0.9309575416470524,0.9007575757575758,0.9006421029950442,-0.030303030303030276,-0.030315438652008142,"{""C"": 0.01}",5,0.58
continuous,FordA,logistic_regression,456,0.2,5,3601,320,0.931060606060606,0.9309575416470524,0.8924242424242425,0.8923045808474062,-0.03863636363636358,-0.0386529607996462,"{""C"": 0.01}",5,0.58
continuous,FordA,logistic_regression,456,0.4,1,3601,320,0.931060606060606,0.9309575416470524,0.8689393939393939,0.8689224676051488,-0.06212121212121213,-0.06203507404190356,"{""C"": 0.01}",5,0.58
continuous,FordA,logistic_regression,456,0.4,5,3601,320,0.931060606060606,0.9309575416470524,0.8674242424242424,0.8674113823023468,-0.0636363636363636,-0.06354615934470553,"{""C"": 0.01}",5,0.58
