mask,dataset,probe,seed,n_train,n_features,accuracy_clean,macro_f1_clean,accuracy_corrupt,macro_f1_corrupt,delta_accuracy,delta_macro_f1,params,folds,fit_seconds
binomial,FordA,logistic_regression,42,3601,320,0.9257575757575758,0.9256237120989108,0.9037878787878788,0.9036205533596838,-0.021969696969696972,-0.02200315873922698,"{""C"": 0.01}",5,8.56
binomial,FordA,rbf_svm,42,3601,320,0.9340909090909091,0.9339844825594061,0.918939393939394,0.9188532826673852,-0.015151515151515138,-0.015131199892020941,"{""C"": 10, ""gamma"": ""scale""}",5,26.99
binomial,FordA,logistic_regression,123,3601,320,0.9204545454545454,0.9203535703839406,0.9015151515151515,0.9014246323529411,-0.018939393939393923,-0.018928938030999487,"{""C"": 0.01}",5,0.53
binomial,FordA,rbf_svm,123,3601,320,0.928030303030303,0.9279389446330891,0.9090909090909091,0.9090499857603513,-0.018939393939393923,-0.018888958872737782,"{""C"": 1, ""gamma"": ""scale""}",5,25.37
binomial,FordA,logistic_regression,456,3601,320,0.9356060606060606,0.9355311355311355,0.8939393939393939,0.8939333065488149,-0.04166666666666663,-0.04159782898232067,"{""C"": 0.01}",5,0.59
binomial,FordA,rbf_svm,456,3601,320,0.9424242424242424,0.9423542364349727,0.9007575757575758,0.9007370099062076,-0.04166666666666663,-0.041617226528765094,"{""C"": 1, ""gamma"": 0.001}",5,25.86
continuous,FordA,logistic_regression,42,3601,320,0.9340909090909091,0.9340208933837618,0.8946969696969697,0.8945851055211826,-0.039393939393939426,-0.039435787862579175,"{""C"": 0.01}",5,0.55
continuous,FordA,rbf_svm,42,3601,320,0.9318181818181818,0.931720213805391,0.9015151515151515,0.9014825837742504,-0.030303030303030276,-0.03023763003114066,"{""C"": 1, ""gamma"": 0.001}",5,26.27
continuous,FordA,logistic_regression,123,3601,320,0.9181818181818182,0.9180823359865402,0.8962121212121212,0.896210632039601,-0.021969696969696972,-0.02187170394693916,"{""C"": 0.01}",5,0.57
continuous,FordA,rbf_svm,123,3601,320,0.928030303030303,0.9279051383399209,0.8984848484848484,0.8984764581094856,-0.02954545454545454,-0.029428680230435322,"{""C"": 1, ""gamma"": ""scale""}",5,26.17
continuous,FordA,logistic_regression,456,3601,320,0.931060606060606,0.9309575416470524,0.9007575757575758,0.9006421029950442,-0.030303030303030276,-0.030315438652008142,"{""C"": 0.01}",5,0.53
continuous,FordA,rbf_svm,456,3601,320,0.9356060606060606,0.9355311355311355,0.8901515151515151,0.8901237055521972,-0.045454545454545414,-0.04540742997893832,"{""C"": 10, ""gamma"": ""scale""}",5,25.46
